{"cameraMode":{"drawMode":0,"name":"Shaded","section":"Shading Mode"},"sceneLighting":false,"audioPlay":false,"sceneViewState":{"showFog":false,"showMaterialUpdate":false,"showSkybox":false,"showFlares":false,"showImageEffects":false,"showParticleSystems":false},"in2DMode":false,"pivot":{"x":11.559907913208008,"y":2.509798049926758,"z":-0.3862697184085846},"rotation":{"x":-0.7085887789726257,"y":-0.0021047592163085939,"z":0.0021350951865315439,"w":-0.7056154012680054},"size":23.216947555541993,"orthographic":false}